Taxonomy	ENP_18.1	ENP_20.69	ENP_2	ENP_3.55	ENP_35.65	ENP_68.55	ENP_8.6	GoM_a_0.15	GoM_b_0.15	GoM_c_0.15	GoM_d_0.15	GoM_e_0.15	Haima1_0.04	Haima1_0.12	Haima1_0.2	Haima1_a_0.28	Haima1_b_0.28	Haima3_0.12	Haima3_0.28	Haima3_0.2	Haima3_0.36	Haima3_0.76	Haima5_0.02	Haima5_0.06	Haima5_0.14	Haima5_0.22	Haima5_0.3	Haima_S11_0.1	Haima_S11_0.3	Haima_S11_0.5	Haima_S11_0.9	Haima_S11_1.3	Haima_S11_1.7	Haima_S11_2.1	Haima_S11_2.5	Haima_S11_2.9	Haima_S11_3.3	Haima_S11_3.7	Haima_S11_4.1	Haima_S11_4.3	HM_2.8	HM_a_0.1	HM_a_3.8	HM_b_0.1	HM_b_3.8	HM_c_0.1	HY4_0.02	HY4_0.08	HY4_0.18	HY4_0.1	HY4_0.24	HY4_0.26	JL_0.02	JL_0.06	JL_0.14	JL_0.1	MS	QDN-W01B-1949	QDN-W01B-4577	QDN-W03B-2880	QDN-W03B-480	QDN-W04B-4228	QDN-W04B-480	QDN-W04B-4900	QDN-W04B-580	SB_0.2	SB_0.6	SB_0	SB_1.5	SB_1	SB_2.5	SB_2	SF_0.02	SF_0.08	SF_0.12	SF_0.18	SF_0.1	SF_0.26	SF_0.2	SH-W20A-1310	SH-W20A-2180	SH-W20A-3080	SH-W20A-3880	SH-W20A-766	SMM_0.3	WGM_0.03	WGM_0.15
4484-113	0.0	0.0	0.0	0.0	0.0	0.0	0.0	0.0	0.0	0.0	0.0	0.0	0.0	0.0	0.0022947881	0.0031367177	0.0040498297	0.0	0.0	0.0	0.0	0.0	0.0	0.004328445	0.0	0.005519432	0.0032059804	0.0	0.0	0.009569976000000001	0.0192200695	0.036560929	0.081154805	0.299538529	0.02073185	0.016158102	0.0071681617	0.0307358	0.016727788	0.027620716	0.0	0.0	0.0	0.0	0.0	0.0	0.0	0.0	0.0	0.0	0.0	0.004425953	0.0	0.0	0.003306235	0.0	0.0	0.0	0.0	0.0	0.0022885364	0.0	0.0	0.0	0.00174715	0.0016676228	0.0	0.0	0.0	0.0	0.0	0.0	0.0	0.016414693	0.027013922	0.0450627903	0.022113247	0.0056633903	0.02649267	0.0	0.0	0.0	0.0	0.0	0.0	0.0	0.0
AABM5-125-24	0.0	0.0	0.0	0.0	0.0	0.0	0.0	0.0	0.012723051	0.0	0.0	0.0	0.0	0.0	0.0	0.0	0.0	0.0	0.0	0.0	0.0	0.0	0.0	0.0	0.0	0.0	0.0	0.0041842107	0.006436613	0.006131082	0.0063293125999999995	0.0017182695	0.0	0.0072762687	0.0013853454	0.0	0.0	0.0	0.0	0.0	0.0	0.0	0.0	0.0	0.0	0.0	0.0	0.0	0.0	0.0	0.0	0.0054084784	0.0023160724	0.0040488443	0.0	0.014134993	0.0	0.0	0.0	0.0	0.0	0.0	0.0	0.0	0.0	0.05464188	0.06747918	0.0	0.0	0.0022099568	0.0014041988	0.0	0.0	0.0029124522	0.0	0.0029768473	0.0	0.005417908	0.0	0.0	0.0	0.0	0.0	0.0	0.0	0.0	0.0
Acidobacteriota	0.14509334000000002	0.8311842340000001	0.141845787	1.696167432	0.283934168	0.0	0.279572802	0.8414926574	0.1185269273	0.1127814332	0.0436182618	0.0973933065	0.0742378519	0.0598118625	0.110646408	0.1920237415	0.2323428611	0.3569899513	0.4918409305	0.4953399892	1.1072206866	0.5048770015	0.11922325930000001	0.13603401040000002	0.073478238	0.0120736964	0.0486398213	0.8355866839	2.9370283137	1.7089052988	0.9100930776999999	0.837008156	0.8672210722	0.4871508278	0.1012370824	0.134527163	0.10299685	0.13669287	0.2891564897	0.1089925637	0.0	0.074798611	0.0	0.0	0.583689994	0.0	0.5431537329	1.5090096503	1.578058469	1.3285584549	1.2327913978	0.9900487	0.14253556509999998	0.1504911373	0.1484153161	0.2593761388	0.0	0.2216211751	0.0020021682	0.6356555514	1.6816749859	0.22793859700000002	1.5186798727000002	0.3403015921	1.4761864288	0.3517218416	0.4906546716	0.143069492	0.3979536077	0.15740914220000002	0.3280937289	0.1399928521	0.1684960509	0.3489296036	0.347860693	0.8114376378	0.3900891496	0.6313720316	0.6995457065	1.429874042	1.7283850674	1.724545955	0.4006840074	1.520471631	0.1934644898	0.022646528699999998	0.0
Actinobacteriota	9.20809646	3.197424288	0.409323366	2.2243850518	4.939975306	0.87561052	1.8149527919999997	0.0326587845	0.1348097265	0.0384761074	0.0618684133	0.012558582	0.0375618987	0.0254652852	0.0327880045	0.0299668232	0.036487751	0.0838095229	0.1161870554	0.0955912675	0.0924664603	0.09053171189999999	0.024311379600000002	0.024260612700000003	0.015476790800000001	0.0370924343	0.0216798197	0.1923817803	0.2257821884	0.3482740394	0.4050107167	0.4828682106	0.40101852200000004	0.3742966727	0.1633538693	0.3920074655	0.2296323819	2.197884921	0.7907317689	0.5443205295	0.143231054	0.0125551475	0.0541977	0.0	0.8049469874	0.0	0.3097295444	0.529188383	0.281816574	0.439142535	0.23882351999999998	0.2412784138	0.042028054	0.0273683253	0.08354382839999999	0.08735747349999999	0.0	1.720129998	1.281891155	2.2400892232	0.2197095197	2.518954804	0.2943194643	1.0505925896000001	0.291972246	0.680186727	0.5657990512	0.119964153	0.6925383882	0.6423775229	1.0592896454	1.4309760103	0.3859849142	0.3887947633	0.362484313	0.1947570893	0.332122557	0.3047147991	0.162863683	0.5965564381	1.3427538416	0.8731515745	1.6179218136	0.4099356881	0.024706798	0.0379186085	0.0
Aenigmatarchaeota	0.0	0.0	0.0	0.0	0.0	0.0	0.0	0.0	0.0	0.0	0.0	0.0	0.0	0.0	0.0	0.0	0.0	0.0	0.0	0.0	0.0	0.0	0.0	0.0	0.0	0.0	0.0	0.0	0.0	0.0	0.0	0.0	0.0	0.0	0.0	0.0	0.0	0.0	0.0	0.0	0.0	0.0	0.0	0.0	0.0	0.0	0.0	0.0	0.0	0.0	0.0	0.0	0.0	0.0	0.0	0.0	0.0	0.0	0.0	0.0	0.0	0.0	0.0	0.0	0.0	0.0	0.0	0.0	0.0	0.0	0.0	0.0	0.0	0.0	0.0	0.0	0.0	0.0	0.0	0.0	0.0	0.0	0.0	0.0	0.0	0.02835743	0.0
Aerophobota	0.0	2.005038886	2.054133348	2.245180329	1.95658173	0.17817407600000001	2.01023657	0.0802943396	0.0	0.031977992	0.0	0.0177818379	0.0	0.0	0.0	0.0	0.0	0.0080425002	0.044014821600000004	0.0244074609	0.412346161	0.1994070587	0.0	0.0	0.0	0.0032713518	0.0	0.1826181674	0.322443189	0.41638159259999996	0.4663871622	0.5442888481	0.47893030670000003	0.29853308359999997	0.0792573022	0.337199412	0.2518855598	1.5182287895	0.4623080445	0.5263828326	0.076764727	0.0	0.050804619999999995	0.0	0.016141878999999998	0.0	0.0	0.0	0.0099122414	0.0	0.026384808	0.06185378429999999	0.0015634078	0.002788737	0.0230605166	0.031840648	0.0	4.7914452205	4.01464169	8.552013401	1.514438311	5.0044889244	1.717560673	5.2168606010000005	2.057249391	0.8132237404	0.22014215299999998	0.0	0.6252770372	0.5456476671	1.0119182219	0.8318775338000001	0.0	0.0107386427	0.0	0.002168653	0.0072588923	0.06918003480000001	0.0	0.757946118	2.581125113	5.440627506	1.2093728398999999	2.062007943	0.0032750454	0.0	0.0
Altiarchaeota	0.0	0.0	0.0	0.0	0.0	0.0	0.0	0.0	0.0	0.0	0.0	0.0	0.0	0.0	0.0	0.0	0.0	0.0	0.0	0.0	0.0	0.0	0.0	0.0	0.0	0.0	0.0	0.0	0.0	0.0	0.0	0.0	0.0	0.0	0.0	0.0	0.0	0.0	0.0	0.0	0.0	0.0	0.0	0.0	0.0	0.0	0.0	0.0	0.0	0.0	0.0	0.0	0.009810729	0.024918672	0.028058344	0.041704986	0.0	0.0	0.0	0.0	0.0	0.0	0.0	0.0	0.0	0.0	0.0	0.0	0.0	0.0	0.0	0.0	0.0065053846	0.039656334	0.02260114	0.03773364	0.028180601	0.028428888	0.0604668	0.0	0.0	0.0	0.0	0.0	0.0	0.0	0.0
Armatimonadota	0.0	0.0	0.0	0.005379186	0.0	0.0	0.0	0.031059202	0.0191375275	0.0239216551	0.026956764799999998	0.0253658466	0.0010501712	0.0	0.005456067199999999	0.0	0.0	0.0	0.0046758358	0.0022684883	0.0167079077	0.0055740664	0.0	0.0	0.0	0.0	0.0	0.0230859011	0.0187798655	0.0298672218	0.0380796853	0.0275676279	0.0308619007	0.0332575598	0.0191726044	0.0338286561	0.015313759199999999	0.03588176	0.0466555911	0.0635384158	0.0	0.0	0.0	0.0	0.0	0.0	0.0	0.0	0.06421254	0.010221428	0.07478154	0.07767196570000001	0.0	0.0	0.0	0.0	0.0	0.18665967460000002	0.0	0.22092877	0.030318876800000002	0.0	0.017882051	0.398657476	0.0174617774	0.013334091900000001	0.0112154488	0.0	0.17299448350000002	0.0819181107	0.1270339976	0.0694890672	0.0	0.0	0.0	0.0055360109	0.0	0.011616889299999999	0.0	0.019969516	0.0153124373	0.23140954419999998	0.0	0.024357579	0.007577506	0.003871846	0.061456878
Asgardarchaeota	1.130980623	0.523420169	0.043065731100000004	0.786455384	0.5417760420000001	0.36414873200000003	0.5041887869999999	0.1813891448	0.2016816565	0.1571076366	0.1113093565	0.1145496657	0.1594403137	0.18821911970000002	0.3674081275	0.1523478738	0.1443697758999999	0.1681718206	0.4036718334	0.2878189921	0.597005137	0.9624311445	0.1708715513	0.3124370058	0.2156606225	0.0443413654	0.1837415496	0.3140851431	0.936183157	1.4621055241	1.1756336533	0.839819118	1.1423307953000001	0.3363456703	0.2250323387	0.5942220123999999	0.25794764259999997	1.298546102	0.692604307	0.5821034137	0.0	0.0312616934	0.0	0.0	0.573839037	0.0	0.0	0.0	0.034221955400000004	0.008034618399999999	0.039393613	0.1074622928	0.021044041	0.0168701166	0.12145214089999999	0.1494902845	0.44263834	3.0983713759	1.4638512349000001	2.1982670487	0.3350055127	3.3911054499	0.2969184386	2.0990095951	0.3738908813	1.073454078	0.2425063281	0.0012075902	3.2814893278	2.517331146	2.6332266479	2.5489611142	0.0	0.09020194819999999	0.029938772	0.0764510962	0.1026534505	0.28739253519999997	0.0616299338	0.626612043	0.3854466206	0.5035365885	2.103678843	0.3070146717	0.1113042305	0.08963931593999999	0.0
Atribacterota	7.365097492	2.063291432	0.5623355489999999	1.085167046	6.235793836	9.238285864	10.369789733	0.161613505	0.7890941803999999	1.0613924165	1.2788854776	1.000125658	0.21716801659999999	0.2186657574	1.0603378333	0.4427181425	0.46594925389999997	0.32643071889999997	0.594387881	0.249023622	0.9221049635	0.7752808296	0.4006470809	0.8432860537	0.834027418	1.81645467	1.281504168	0.44767567420000004	4.481792468	2.297287587	2.534819835	3.428729749	3.4010000739999997	5.99551245	4.100181021	5.685591785	3.936569918	5.1094147990000005	4.059105226	4.864016785	1.482768293	0.004860271	3.883542517	0.047548536	10.747496966	0.015266465	0.0	0.0	0.249814743	0.058598471000000006	0.747706889	1.0508994734000001	0.4813339284	0.7923984314	4.997222374	4.324281912	1.3032454	9.477421182	16.494960954	7.971192753	1.416074848	2.124171012	1.3025980055	5.272861219999999	1.974982268	7.787789355999999	12.39350713	0.0036780864	13.715771737999999	13.833162949	14.763324005000001	11.211924307	0.19457183890000002	1.3200982875	1.129972323	0.4747929395	1.126335925	2.1217925155	0.4271139703	0.7934678153	1.0838199461	5.302094617	21.921660697	1.2928141943	0.3660265605	0.6086233705	1.09088241
Bacteroidota	0.57111681	0.645267025	0.0	0.072638723	0.993078447	0.348067786	0.20029122	0.0327321369	0.1158550994	0.0448272302	0.08539679089999999	0.0336864604	0.4602094336	0.541698942	1.0762068984	0.69772729	0.6952559884	0.3148127644	0.2968184155	0.3491596532	0.1371836415	0.1911421055	2.2513229256	2.0351373879	0.8921055262	0.5318890404	0.757775777	0.190113499	0.2320931781	0.1773282447	0.1549998632	0.11049666050000001	0.14042236949999998	0.17142187879999998	0.026004676	0.023643719	0.02109296	0.020245628	0.0486235423	0.032150644	0.0	0.14164522899999998	0.022044267	2.00519231	0.270970758	0.68369085	0.412244426	0.6240662690000001	0.6639834367	0.8745668954	0.839679241	0.928359037	0.5090829308	0.6060854856	0.3486087356	0.4237026834	0.0183414	0.1276674988	1.6650580592	0.09737457000000001	0.0467494377	0.805056025	0.0352164381	0.2038565923	0.0532748587	0.3488879309	0.008175546	0.015555077	0.0688800505	0.0264337454	0.2776656924	0.120658174	0.8016633669	0.7583663436	0.767509594	0.8923307533	0.6930322777	0.6266361856	0.612193483	0.0531458303	0.021980609499999998	0.097266105	0.1059207654	0.029047475700000002	0.2268619742	0.19581320385	0.0
Bdellovibrionota	0.0	0.0	0.0	0.0	0.0	0.0	0.0	0.0	0.0	0.0	0.0	0.0	0.04202101	0.034989603	0.0034648334	0.0026000072	0.0018100379	0.0	0.0	0.0	0.0	0.0	0.0	0.0	0.0	0.0	0.0	0.0	0.0	0.0	0.0	0.0	0.0	0.0	0.0	0.0	0.0	0.0	0.0	0.0	0.0	0.0	0.0	0.0	0.0	0.0	0.0	0.0	0.0	0.0	0.0	0.0	0.0	0.0	0.0	0.0	0.0	0.0	0.0	0.0	0.0	0.0	0.0	0.0	0.0	0.0	0.0	0.0	0.0	0.0	0.0	0.0	0.0	0.0	0.0	0.0	0.0	0.0	0.0	0.0	0.0	0.0	0.0	0.0	0.0	0.0	0.0
Bipolaricaulota	0.0	0.0610186346	0.0	0.0	0.011893525	0.0	0.0	0.0	0.0	0.0	0.0	0.0	0.0	0.0	0.0	0.0	0.0	0.0	0.007158828	0.0	0.091394585	0.035946656	0.0	0.0	0.0	0.0	0.0	0.0	0.029808449	0.076463502	0.0675479674	0.108085905	0.189654744	0.158589647	0.0670529515	0.058526411	0.06329272	0.152971162	0.11728910000000001	0.077350109	0.0	0.0	0.0	0.0	0.0	0.0	0.0	0.0	0.0	0.0	0.0	0.010894737	0.0	0.0	0.0	0.0	0.0	0.06974322	0.03327435	0.13663624700000002	0.28816807	0.00577094	0.315406782	0.076419213	0.13591060200000002	0.0	0.017016836	0.0	0.2048455	0.33574376	0.07815013	0.01997586	0.0	0.004611255	0.0	0.0	0.0	0.0075933114	0.0	0.1684800314	1.09570842	0.123116264	0.0019374721	0.543267881	0.0	0.0	0.0
Caldisericota	0.0	0.0	0.0	0.0	0.0	0.0	0.0	0.0	0.0	0.0	0.0	0.0	0.0	0.0	0.0	0.0	0.0	0.0	0.0	0.0	0.0	0.0	0.0	0.0	0.0	0.0	0.0	0.0	0.0	0.0	0.0	0.0	0.0	0.0	0.0	0.0	0.0041461713	0.0	0.0	0.0040703327	0.0	0.0	0.009947474	0.0	0.6007279	0.0	0.0	0.0	0.0	0.0	0.0	0.0	0.0	0.0	0.0	0.0	0.0	0.0	0.0	0.0	0.0	0.0	0.0	0.0	0.0	0.0	0.008037096	0.0	0.036756944	0.025037557	0.18219228	0.02263811	0.0	0.0	0.0	0.0	0.0	0.0	0.0	0.0	0.0	0.0	0.0	0.0	0.0	0.003737263	0.0
Calditrichota	0.0	0.0	0.0	0.0074930214	0.0	0.0	0.0	0.041437840000000004	0.039015964	0.019030714	0.040497787	0.0171794	0.0	0.0	0.0039168233	0.019754057000000002	0.0223585708	0.0352358062	0.024599133	0.040450098000000004	0.0141603516	0.0267038326	0.0	0.0	0.0	0.0	0.0	0.044336089999999995	0.12197308	0.07478810440000001	0.07049408	0.01477857	0.0052727675	0.0021161996	0.0	0.0	0.0	0.0	0.00777726	0.0	0.0	0.0	0.0	0.0	0.0	0.0	0.0	0.0	0.019418924	0.007940438	0.052419287	0.06467730299999999	0.07149122299999999	0.100271266	0.09111374800000001	0.112289094	0.0	0.0	0.0	0.096583866	0.0	0.0	0.0	0.0	0.0	0.1248306197	0.0	0.0	0.0	0.0	0.0	0.0	0.0025560334	0.039904757	0.031178826	0.134047952	0.03786786	0.097967042	0.110560766	0.0	0.0	0.0	0.0	0.0	0.050311204	0.0	0.0
Campylobacterota	0.0	0.0	0.0	0.0	0.0	0.0	0.0	0.0676589568	0.0625551776	0.0	0.009324880800000001	0.0	0.1775067762	0.2909126214	0.3865560529	0.348938994	0.377083853	0.0975231523	0.0617931405	0.1862612576	0.0	0.0	0.2905302775	0.203239525	0.0275176934	0.0	0.0077547897	0.1810105549	0.0037841392	0.025196010300000002	0.0091465639	0.0	0.0	0.0	0.0	0.0	0.0	0.0	0.014625463500000001	0.0	0.0	0.0	0.0	0.18281108	0.0	1.36324107	0.128838485	0.31882019	0.2516022905	0.19302902900000002	0.079546386	0.078926891	0.3965390386	0.2911986776	0.0380635965	0.0325102944	0.0	0.0	0.0	0.0	0.0	0.0	0.0	0.0	0.0	0.3150246971	0.0	0.0139113029	0.0	0.0012097228	0.0	0.001609493	0.450498001	0.1249457984	0.392527066	0.242084392	0.172989581	0.11953298650000001	0.1254795115	0.0	0.0	0.0	0.0	0.0	0.0	0.06903002876	0.0
Chloroflexota	0.9913282919999999	13.2846727828	0.7912807159999999	13.9087495965	7.683186046	3.06974694	5.342070916	4.0290469749	6.5495044155	4.1464519236	3.9149101375999997	4.0847089712	0.07282668105000001	0.0701998683	0.3502357928	0.4550232926	0.622400408	0.4509492374	1.7347923189	0.8708204888	7.2951539503	3.6964461544	0.1621007209	0.2787107582	0.2631144851	0.1001209027	0.21311091629999998	3.7898437143	7.2348698988	6.7084085553	5.9424027016	4.7989557265	3.1019984795999997	1.9417015317	0.48657091610000003	0.6223136586	0.3958812497	1.6466066185000001	1.8279120683	1.0904725156	9.576104982499999	0.055966836	9.216846586600001	0.21218379	1.5116718779999998	0.157332215	0.0995476406	0.8577348051	2.5556982137	1.1966657246	3.4022572394	3.852126644	0.5229682323	0.6747178065	1.0739475917999999	1.066454148	2.588968164	2.8535715704999998	1.5224011465	6.8007906562	8.9005684769	8.6568398575	8.932570792	15.6297929054	9.248452928	10.295963803	1.1007982869	0.110716235	2.9486807005	4.9461919021	3.5155182756	3.2613984203	0.39148357	2.0442406299	2.0185628330000003	2.7915567894	2.0960086427999998	3.5670641011	2.0733306993	8.4074932583	14.0847223094	10.3685125282	3.5695725249	9.7041980302	0.93893995514	0.39406972499	0.42798784
Cloacimonadota	0.0	0.0	0.0	0.0	0.0	0.0	0.0	0.0	0.0	0.0	0.0	0.0	0.082083434	0.11955487	0.23512527519999998	0.06380507	0.041229106	0.020522268	0.0212912	0.005917784	0.0	0.0	0.2411914	0.22700131	0.10694562	0.064208446	0.155850408	0.0	0.0	0.0	0.0	0.005517984	0.0039197435	0.0254435795	0.0460756318	0.043400294	0.111457094	0.0	0.038363441	0.0570746208	0.0	0.00867002	0.0	0.0	0.0	0.0	0.0	0.0	0.0	0.0	0.0	0.0	0.0	0.0	0.008553227	0.0053178193	0.0	0.013633051	0.0	0.0	0.0	0.0	0.0	0.0	0.0	0.0	0.480465847	0.0	0.37376367469999994	0.26210095800000005	0.1530534913	0.21165043430000002	0.00687273	0.007428092	0.011208744	0.0029821047	0.008764754	0.0	0.0	0.0	0.0	0.0	0.0	0.0	0.0	0.0077692127	0.0
Deferribacterota	0.0	0.0	0.0	0.0	0.0	0.0	0.0	0.0	0.0	0.0	0.0	0.0	0.0	0.0	0.0	0.0	0.0	0.0	0.0	0.0	0.0	0.0	0.0	0.0	0.0	0.0	0.0	0.0	0.0	0.0	0.0	0.0	0.0	0.0	0.0	0.0	0.0	0.0	0.0	0.0	0.0	0.0	0.0	0.0	0.0	0.0	0.0	0.0	0.0	0.0	0.0	0.0	0.0	0.0	0.0	0.0	0.0	0.0	0.0	0.0	0.0	0.07234755	0.0	0.007997648	0.0	0.0	0.0	0.0	0.0	0.0	0.0	0.0	0.0	0.0	0.0	0.0	0.0	0.0	0.0	0.0	0.0	0.0	0.0	0.0	0.0	0.0	0.0
Desulfobacterota	0.015010303	0.031652256000000004	0.010274564	0.8198097942	0.0	0.0	0.0	2.6925898368	4.1694541089	3.6374653464	4.899565351	3.6447645712	1.6201461089	2.0884522917	7.4810602353	5.4034762002	6.5276986853	4.7075659156	5.5686093996	4.9312850213	1.546167322	1.7447747724	9.0136000219	9.2080095054	11.17651901	6.556776975	9.7935951796	3.302109274	3.5940445992	2.2318581908	2.5987988875	1.9539720418	1.7313835803	2.9562185076	4.1068386289	4.2563999025	5.3449966818000005	1.624597088	3.3452171054	3.3588511955	0.04501689	0.6114363139	0.5730716	2.607895105	3.5904709009999998	0.0	1.3731947398	3.4725153815	5.7256844694	4.0505130422	8.564117951	8.9364595057	6.1243297596	7.7849950039	12.2687717847	10.5972467255	9.233043253	0.2506213234	0.084757456	2.112186085	0.4476501502	1.4642553217999998	0.4931035808	1.335670574	0.495128156	4.213452821	1.4996837030999999	0.1520466101	1.5553764455	0.9154425298	1.7822336618	1.689838204	5.701559533	10.6927457623	10.914281511	9.9558556584	11.173107463	10.7336110107	12.0841911631	0.5748977392	0.4665498328	21.6736552727	0.049630951	0.5508256264	7.3007585876	9.5440226315	0.17735046799999998
Desulfobacterota_C	0.0	0.0	0.0	0.0	0.0	0.0	0.0	0.0	0.0	0.0	0.0	0.0	0.128656072	0.0986424815	0.0175782557	0.0153075365	0.0118570543	0.0019739359	0.0017763012	0.0	0.0	0.0	0.11709975	0.089412995	0.030086817	0.005695145	0.0478685	0.0016815831	0.0	0.0	0.0013177257	0.0	0.0	0.0	0.0	0.0	0.0	0.0	0.0	0.0	0.0	0.0	0.0	0.0	0.0	0.0	0.0062556723	0.006688961	0.0	0.0	0.0	0.0	0.0	0.0	0.011563866	0.003456659	0.0	0.0	0.0	0.0	0.0	0.0	0.0	0.0	0.0	0.0016147649	0.0	0.0	0.0	0.0	0.0	0.0	0.0033037502	0.02895054	0.022182282	0.004302129	0.027449025000000002	0.0	0.00347241	0.0	0.0	0.0	0.0	0.0	0.0021043327	0.006401547	0.0
Desulfobacterota_D	0.0	0.0	0.0	0.0	0.0	0.0	0.0	0.0	0.0	0.0	0.0	0.0	0.0	0.0	0.0	0.0043764934	0.005348267	0.0026076643	0.00203604	0.006018501	0.0	0.0	0.0	0.0	0.0	0.0	0.0	0.0	0.0	0.0	0.0	0.0	0.0	0.0	0.0	0.0	0.0	0.0	0.0	0.0	0.0	0.017072067	0.0	0.0	0.0	0.0	0.017842133	0.013506751	0.0141114	0.027383141	0.01928595	0.034733336	0.0	0.0	0.0	0.0	0.0	0.0	0.0	0.0	0.0	0.0	0.0	0.0	0.0	0.003908321	0.0	0.0020122933	0.0	0.0	0.0	0.0	0.0	0.0	0.0	0.0	0.0	0.0	0.0	0.0	0.0	0.0	0.0	0.0	0.0	0.008192691	0.0
Desulfobacterota_I	0.0	0.0	0.0	0.0	0.0	0.0	0.0	0.0	0.0	0.0	0.0	0.0	0.0	0.0	0.0	0.0	0.0	0.0	0.0	0.0	0.0	0.0	0.0	0.0	0.0	0.0	0.0	0.0	0.0	0.0	0.0	0.0	0.0	0.0	0.0	0.0	0.0	0.0	0.0	0.0	0.0	0.0	0.0	0.0	0.0	0.0	0.0	0.0	0.0	0.0	0.0	0.0	0.0	0.0	0.0	0.0	0.0	0.0	0.0	0.0	0.0	0.09495895	0.0	0.006612838	0.0	0.0	0.0	0.0	0.0	0.0	0.0	0.0	0.0	0.0	0.0	0.0	0.0	0.0	0.0	0.0	0.0	0.0	0.0	0.0	0.0	0.0	0.0
EX4484-52	0.0	0.0	0.0	0.0	0.0	0.0	0.0	0.0	0.0	0.0066707544	0.007641315	0.006111765	0.00298885	0.003621758	0.07607797	0.21117218	0.20506446	0.0033687179	0.003353774	0.0	0.0	0.0	0.008122328	0.01750133	0.02359846	0.0	0.019278929	0.0	0.0	0.0	0.0	0.0	0.0	0.0	0.0	0.0	0.0	0.0	0.0	0.0	0.0	0.0	0.0	0.0	0.0	0.0	0.0	0.0	0.0	0.0	0.0	0.0	0.04240319	0.054677613	0.2012229	0.11289049	0.0	0.0	0.0	0.0	0.0	0.0	0.0	0.0	0.0	0.0	0.0	0.0	0.0	0.0	0.0	0.0	0.0	0.0059791883	0.0	0.0	0.0038741361	0.0	0.0	0.0	0.0	0.0	0.0	0.0	0.0	0.0070317746	0.0
Eisenbacteria	0.0	0.0	0.0	0.0	0.0	0.0	0.0	0.026753280999999997	0.17443333	0.0502650482	0.12087730099999999	0.09765615529999999	0.0	0.0	0.007665500300000001	0.0395518064	0.0437878535	0.0	0.0093675768	0.014634326	0.0	0.0	0.0	0.004218528	0.0051910253	0.0	0.0	0.0131916036	0.010794846600000001	0.01182677	0.0106003152	0.009600268700000001	0.0038652534	0.0035913899	0.0	0.0	0.0	0.0	0.0	0.006803955	0.0	0.0	0.0	0.0	0.0	0.0	0.0	0.0	0.069119066	0.0164044224	0.108172923	0.155855718	0.0079835455	0.0131468306	0.021460155	0.0141001154	0.0	0.0	0.0	0.0	0.0	0.0	0.0	0.0	0.0	0.029177515	0.0	0.0	0.0	0.0	0.0	0.0	0.0	0.0265389456	0.02586044	0.0522140146	0.028571006	0.0419509884	0.07278898719999999	0.0	0.0	0.0	0.0	0.0	0.0099052385	0.00858869116	0.0
FEN-1099	0.0	0.0	0.0	0.0	0.0	0.0	0.0	0.0	0.004554127	0.0033476697	0.0049021174	0.0039657797	0.0	0.0	0.0037324117	0.0	0.0012452005	0.0	0.0	0.0	0.0	0.0	0.0	0.0038991082	0.0	0.0	0.0	0.0	0.0	0.0	0.0018480436	0.0011704145	0.0	0.0	0.0	0.0	0.0	0.0	0.0	0.0	0.0	0.0	0.0	0.0	0.0	0.0	0.0	0.0	0.0	0.0	0.007945373	0.0055313543	0.0	0.0	0.019978808	0.0052489303	0.0	0.0	0.0	0.0	0.0	0.0	0.0	0.0	0.0	0.0	0.0	0.0	0.0	0.0	0.0	0.0	0.0023993826	0.013060101	0.016115949	0.017954022	0.008619314	0.008206666	0.020224458	0.0	0.0	0.0	0.0	0.0	0.0024355538	0.0	0.0
Fermentibacterota	0.0	0.0	0.0	0.0	0.0	0.0	0.0	0.0	0.0	0.0	0.0045599234	0.0	0.0525342565	0.0701328727	0.328608866	0.12833597	0.1548069719	0.0382931774	0.0456484348	0.010780470299999999	0.0	0.0	0.304633035	0.264320754	0.151402557	0.785419576	0.142803849	0.0	0.0	0.0	0.0	0.0	0.0	0.014420512	0.009126141	0.040729813	0.006374242	0.0	0.014659046	0.02374179	0.0	0.0164698694	0.0	0.0	0.09495347900000001	0.0	0.0	0.0	0.0	0.0077051995	0.0	0.0028459209	0.0085747486	0.010407945	0.016200325	0.14995225	0.12776598	0.0	0.0	0.0	0.0	0.0	0.0	0.0	0.0	0.1196211859	0.0	0.0	0.002657595	0.0	0.0	0.0	0.044860298699999995	0.0843380294	0.124043573	0.1239745746	0.1158501723	0.0340464676	0.10771831200000001	0.0	0.0	0.0	0.0	0.0	0.0033738657	0.034611499500000004	0.0
Fibrobacterota	0.0	0.0	0.0	0.0	0.0	0.0	0.0	0.0	0.0	0.0	0.0	0.0	0.0	0.0	0.0	0.0056677354	0.006082251	0.0	0.06634831	0.0	0.0	0.0	0.0	0.0	0.0	0.0	0.0	0.0	0.0	0.0	0.0	0.0	0.0	0.0	0.0	0.0	0.0	0.0	0.0	0.0	0.0	0.01646905	0.0	0.0	0.027357725	0.0	0.0	0.0	0.0	0.0	0.0	0.0	0.0	0.0	0.0	0.0	0.0	0.0	0.0	0.0	0.0	0.0	0.0	0.0	0.0	0.0050390405	0.0	0.0	0.0	0.0	0.0	0.0	0.0	0.0	0.0	0.0015419483	0.0	0.0	0.0	0.0	0.0	0.0	0.0	0.0	0.0011749308	0.0	0.0
Firmicutes	0.0	0.0	0.0	0.0	0.0	0.0	0.0	0.0	0.0	0.0	0.0	0.0	0.1234046727	0.2098593163	0.363231729	0.06934533400000001	0.0387219016	0.0	0.0020121117	0.0	0.0	0.0	0.0701743766	0.11489985600000001	0.065911121	0.252712537	0.096084629	0.0	0.0	0.0	0.0	0.0	0.0	0.0	0.0	0.0	0.0	0.0	0.0	0.0	0.0	0.0	0.0	0.0	0.0	0.0	0.0	0.0	0.0	0.0	0.0	0.0	0.0	0.0	0.0	0.0	0.0	0.0014122044	0.0172864801	0.0	0.0	2.31213725	0.0	0.157723277	0.0	0.0	0.0	0.0	0.0020352337	0.0	0.0	0.0	0.0	0.0	0.0	0.0	0.0	0.0	0.0	0.0	0.0	0.0	0.0	0.0	0.0	0.0	0.0
Firmicutes_A	0.0	0.0	0.0	0.0	0.0	0.0	0.0	0.0	0.0	0.0	0.0	0.0	0.0	0.0	0.0	0.0	0.0	0.0	0.0	0.0	0.0	0.0	0.0	0.0	0.0	0.0	0.0	0.0	0.0	0.0	0.0	0.0	0.0	0.0	0.0	0.0	0.0	0.0	0.0	0.0	0.0	0.0	0.0	0.0	0.0	0.0	0.0	0.0	0.0	0.0	0.0	0.0	0.0	0.0	0.0	0.0	0.0	0.0	0.0	0.0	0.0	0.37807440000000003	0.0	0.0229724876	0.0	0.0	0.0	0.0	0.0	0.0	0.0	0.0	0.0	0.0	0.0	0.0	0.0	0.0	0.0	0.0	0.0	0.0	0.0	0.0	0.0	0.0	0.0
Firmicutes_B	0.0	0.0	0.0	0.0	0.0	0.0	0.0	0.0	0.0	0.0	0.0	0.0	0.0	0.0	0.0	0.0	0.0	0.0	0.0	0.0	0.0	0.0	0.0	0.0	0.0	0.0	0.0	0.0	0.0	0.0	0.0	0.0	0.0	0.0	0.0	0.0	0.0	0.0	0.0	0.0	0.6945673090000001	0.0	3.53324017	0.0	0.03507191	0.038959432	0.0	0.0	0.0	0.0	0.0	0.0	0.0	0.0	0.0	0.0	0.0	0.0	0.0	0.0	0.0	0.0	0.0	0.0	0.0	0.0	0.0	0.0	0.0	0.0	0.0	0.0	0.0	0.0	0.0	0.0	0.0	0.0	0.0	0.0	0.0	0.0	0.0	0.0	0.0	0.0	0.0
Firmicutes_D	0.0	0.0	0.0	0.0	0.0	0.0	0.0	0.0	0.0	0.0	0.0	0.0	0.0	0.0	0.0	0.0	0.0	0.0	0.0	0.0	0.0	0.0	0.0	0.0	0.0	0.0	0.0	0.0	0.0	0.0	0.0	0.0	0.0	0.0	0.0	0.0	0.0	0.0	0.0	0.0	0.0	0.0	0.0	0.0	0.0	0.0	0.0	0.0	0.0	0.0	0.0	0.0	0.0	0.0	0.0	0.0	0.0	0.0	0.0	0.0	0.0	0.0	0.0	0.0	0.0	0.0	0.0	0.0	0.021080697	0.0025054056	0.058183666	0.24455604	0.0	0.0	0.0	0.0	0.0	0.0	0.0	0.0	0.0	0.0	0.0	0.0	0.0	0.0	0.0
Gemmatimonadota	0.0	0.015130563	0.0	0.006174578	0.0	0.0	0.0	0.3389805439	0.0641288384	0.0277028927	0.005795049	0.033833337000000005	0.060966258499999995	0.046386164099999995	0.0270448756	0.0713873594	0.0823563717	0.5329673857	0.280302108	0.2913919165	0.2309635853	0.0920998408	0.006653527500000001	0.012865084	0.0044445978	0.0	0.0032610008	0.20362782950000002	0.034625152	0.0641111719	0.0536410548	0.058531215	0.058836869	0.024462739600000002	0.0	0.009935111	0.004972987	0.06815136	0.0289062336	0.0197062242	0.0	0.0	0.0	0.0	0.0	0.0	0.11458775230000001	0.341047572	0.3108247448	0.343392571	0.372367642	0.3475208698	0.0084211305	0.0041756853	0.0043086275	0.0	0.0	0.0	0.0	0.0032189025	0.0553391415	0.0	0.0421287174	0.045991227	0.043922476	0.0120559638	0.0	0.0382152102	0.0019475848	0.0028661464	0.0066913496	0.0045138048	0.0331285899	0.0841382458	0.07074883600000001	0.1544596512	0.0704271814	0.08918064120000001	0.13948747649999998	0.0354261719	0.0286564738	0.043740002	0.04277944	0.042772483	0.0200993629	0.025138402999999997	0.0
Hadarchaeota	0.0	5.15829044	0.12309741399999999	1.40912967	0.0	0.0	0.0	0.0	0.0	0.0	0.0	0.0	0.0	0.0	0.0	0.0	0.0	0.0	0.0296631261	0.0	0.1188028515	0.118170573	0.0	0.0	0.0	0.0	0.0	0.0	0.0	0.0	0.0022195706	0.0021017294	0.0141744409	0.0016728642	0.0	0.018854533	0.0040606805	0.31896385000000005	0.0102319923	0.0086430264	0.38390418400000004	0.0	0.354014829	0.0	0.0080634635	0.010579343	0.0	0.0	0.0	0.0	0.0	0.0	0.0	0.0	0.0	0.0	0.0	0.071334763	0.07837072	0.40749964159999996	0.832580675	0.2284517005	1.276426885	0.639027663	1.147421027	0.0	0.0	0.0	0.0	0.0	0.0	0.0	0.0	0.0	0.0	0.0	0.0	0.0	0.0	2.651102279	1.768107662	1.37804824	0.9311333299999999	0.790285368	0.0	0.0	0.0
Halobacteriota	0.050171625	0.049099425	0.0	0.0	0.016645093	0.0	0.079615586	0.005328921	2.5072670759999998	2.5617427355	2.425710382	2.75674228	1.0658605703	1.4030012854	7.0996452206	6.3871899958	7.2088729474	2.7613956123	3.955761024	1.7852929287	0.43687510620000003	0.5186048469	5.3825929943	6.6385860967	10.100375373	10.097791799	11.259655201	0.1625382998	3.3648017973999997	3.4998519624	5.2625645915	4.6078188116	1.4352480634	1.1871361802	1.0589821159	2.5384305796	1.37233984	1.7510608755	5.5194251533	2.9555558594	4.7633301	0.142075378	11.345014288	12.97937797	5.7909845653	0.283658194	0.0	0.1987988476	2.03052647	0.504362703	4.492430525	4.0633392326	4.5518929726	5.603295672	11.998689949	9.30731512	17.379735067	0.0014751157	0.0047427253	2.6762497	0.0026456749	1.9186778615	0.0	0.011384886	0.0	0.15243426570000002	0.24899552989999998	0.0	1.044064906	1.6163693156	1.283154892	1.1559887205	2.7640285521	7.9532914845	8.294521848	4.2735244239	9.153125739	8.176738416000001	7.0789220713	0.0	0.0	3.85059369	0.0560114985	0.0	8.255573440000001	3.42419095634	0.0
Hydrothermarchaeota	0.0	0.0	0.0	0.0	0.0	0.0	0.0	0.0	0.0	0.0	0.0	0.0	0.0	0.0	0.0	0.0	0.0	0.0	0.0	0.0	0.0	0.0	0.0	0.0	0.0	0.0	0.0	0.0	0.0	0.0	0.0	0.0	0.0	0.0	0.0	0.0	0.0	0.0	0.0	0.0	0.0	0.0	0.0	0.0	0.0	0.0	0.0	0.0	0.0	0.0	0.0	0.0	0.0	0.0	0.0	0.0	0.0	0.0	0.0	0.0	0.06410756	0.0	0.0	0.0	0.0	0.0	0.0	0.0	0.0	0.0	0.0	0.0	0.0	0.0	0.0	0.0	0.0	0.0	0.0	0.0	0.0	0.0	0.0	0.020631967	0.0	0.0	0.0
JAFGOL01	0.0	0.0	0.0	0.0	0.0	0.0	0.0	0.0	0.0	0.0	0.0	0.0	0.0	0.0	0.0	0.0	0.0	0.0	0.0	0.0	0.0	0.0	0.0	0.0	0.0	0.0	0.0	0.0	0.0	0.012139934	0.012855936	0.01862714	0.01194356	0.00767411	0.002424502	0.0	0.0	0.0	0.0	0.0	0.0	0.0	0.0	0.0	0.0	0.0	0.0	0.0	0.0	0.0	0.0	0.0	0.0	0.0	0.0	0.0	0.0	0.0	0.0	0.0	0.006364321	0.0	0.005229642	0.0	0.0043310043	0.0	0.0	0.0	0.0	0.0	0.0	0.0	0.0	0.0	0.0	0.0	0.0	0.0	0.0	0.002749178	0.0	0.0	0.0	0.0047394116	0.0	0.0	0.0
JAHJDO01	0.0	0.0	0.0	0.0	0.0	0.0	0.0	0.0	0.0	0.0	0.0	0.0	0.0	0.0	0.007741769	0.0	0.004387093	0.0035736097	0.005597659	0.0	0.0	0.0	0.0	0.009176944	0.0	0.0188449705	0.011997882	0.0	0.0	0.0077189826	0.007896136	0.008883807	0.00864197	0.011812287	0.060812171000000005	0.015319896	0.014072844	0.0	0.01519798	0.020044712	0.0	0.0	0.0	0.0	0.0	0.0	0.0	0.0	0.0	0.0	0.0	0.0	0.0	0.0	0.0	0.0	0.0	0.01873692	0.0	0.0	0.0	0.0	0.0	0.0	0.0	0.025546215	0.25783584	0.0	0.33159852300000003	0.090558492	0.113938028	0.134134378	0.0	0.0	0.0	0.0	0.0	0.0	0.0	0.0	0.0	0.0	0.0	0.0	0.005389617	0.0	0.0
Krumholzibacteriota	0.0	0.0	0.0	0.0	0.0	0.0	0.0	0.0857695544	0.056408751199999996	0.015230182299999999	0.044837798	0.0123163955	0.0987476262	0.0997646437	0.1756149598	0.16624161169999999	0.1793780015	0.1200793961	0.078428214	0.113413312	0.0299311379	0.0047979951	0.2635763044	0.3129880114	0.131158569	0.007942749499999999	0.0622096068	0.0489632219	0.0	0.0048836198	0.0077820815	0.0013782794	0.0	0.0017321431	0.06916865	0.106180206	0.057007063	0.10794509	0.15307774	0.2710387	0.0	0.0147591358	0.0	0.0	0.0127806193	0.0	0.0522681052	0.122081266	0.1133520745	0.1463027389	0.1126096115	0.1248700692	0.030800039	0.035555962499999996	0.0294538009	0.024671518	0.0	0.0	0.0	0.0	0.0	0.0	0.0	0.0	0.0	0.1310664259	0.0	0.0021477977	0.0	0.0	0.0	0.0	0.0453968107	0.0697592891	0.0504859835	0.0801548547	0.0655609425	0.0513429359	0.0789248913	0.0	0.0	0.0	0.0	0.0	0.0809376699	0.03865825543	0.0
Latescibacterota	0.0	0.0	0.0	0.0	0.0433091	0.0	0.0	0.0	0.014053049	0.012251372	0.010958927	0.011855836	0.0014820476	0.0010999069	0.0055089799	0.0040508877	0.0043929126	0.004004308	0.0053458196	0.0025463097	0.00312315	0.0	0.0	0.008526403	0.0114345262	0.003198618	0.008465654999999999	0.0	0.0055672727	0.0077596445	0.0107207273	0.0137108685	0.010349307	0.0089780674	0.0078923968	0.007684722	0.0103963371	0.01521325	0.01274698	0.015150072399999999	0.0	0.0	0.0	0.0	0.0	0.0	0.0	0.0	0.0	0.0	0.0	0.0053594392	0.0	0.0	0.0029648598	0.004406933	0.0	0.0014301098	0.06483584	0.0032328474	0.0052651605	0.0	0.003494273	0.0036847477	0.003027566	0.0018692095	0.09658902700000001	0.0	0.009879051	0.013061235000000001	0.014993408	0.0174820067	0.0	0.0057561323	0.0	0.0075781567	0.0028651012	0.0	0.008107526	0.002380078	0.0	0.0	0.0	0.0024675787	0.0045759827	0.0008475884	0.0
Marinisomatota	0.0	0.0	0.0	0.0	0.0	0.0	0.0	0.0	0.0	0.0	0.0	0.0	0.1182755293	0.16235374319999998	0.147371564	0.0488898104	0.0332057911	0.0164442068	0.025421771200000002	0.009130947	0.022965284	0.01216165	0.038878064299999994	0.1329551537	0.070154687	0.108885218	0.110220366	0.010025116	0.017725615	0.053035825	0.09036607049999999	0.0860456367	0.0154403647	0.014637697799999998	0.0198694935	0.02990876	0.06707273999999999	0.037940927	0.0477403177	0.0482264885	0.0	0.0	0.5084379	0.0	0.0275178185	0.0	0.0	0.0	0.010493743	0.0045612887	0.028984357	0.026114022	0.0042826966	0.0049948217	0.0074470136	0.027579665	0.0	0.09117423	0.0033807068	0.0	0.007835292	0.0	0.0170156698	0.0	0.0102527	0.012739849	0.02577865	0.0	0.0188827947	0.0205589908	0.0318613821	0.026382779999999998	0.0	0.015272844	0.012013855	0.003823053	0.013149541	0.020352183	0.0	0.0	0.0	0.0	0.0	0.0073223687	0.0	0.0	0.0
Methanobacteriota_B	0.0	0.0	0.0	0.0	0.0	0.0	0.0	0.0	0.0	0.0	0.0	0.0	0.0	0.0	0.0	0.0	0.0	0.0	0.0019944496	0.0	0.0	0.0	0.0	0.0027578247	0.0031281342	0.005329306	0.004422921	0.0	0.004812341	0.0023797774	0.0024499353	0.0037686396	0.009354594	0.04686056	0.0075036907	0.0125885306	0.0	0.0	0.010860666000000001	0.0059718585	0.0	0.0	0.015789336	0.0	0.0	0.0	0.0	0.0	0.0	0.0	0.0	0.0	0.0	0.0	0.0	0.0	0.0	0.1093329	0.004341759	0.0	0.003578513	0.0	0.0025825317	0.0	0.0062106587	0.0	0.0	0.0	0.0020528415	0.0	0.0034713126	0.0	0.0	0.0	0.0	0.0	0.0	0.0	0.0	0.0026709712	0.0	0.0	0.05291397	0.0	0.0	0.0	0.0
Methylomirabilota	0.0	0.0	0.0	0.0	0.0	0.0	0.0	0.0142506774	0.0	0.0	0.0	0.0	0.0038644634	0.0012064588	0.0	0.0	0.0	0.0424544102	0.03415138	0.0166023428	0.055278234	0.06608507	0.0	0.0	0.0	0.0	0.0	0.08721041	0.0041915965	0.0160886005	0.0025751528	0.0	0.0	0.0	0.0	0.0	0.0	0.0	0.006773027	0.0	0.0	0.0	0.0	0.0	0.0	0.0	0.0	0.0	0.0	0.0	0.0	0.0	0.0	0.0	0.0	0.0	0.0	0.0	0.0	0.0	0.006380043	0.0	0.015256044	0.0	0.0	0.0032734887	0.0	0.1261024108	0.0	0.0	0.0	0.0	0.0	0.0	0.0	0.0	0.0	0.0	0.0	0.0	0.0	0.0	0.0	0.0	0.0026193	0.0	0.0
Myxococcota	0.0	0.0	0.0	0.0	0.0	0.0	0.0	0.0	0.0	0.004448972	0.0	0.004572667	0.22291795	0.196070757	0.2832426365	0.0929406104	0.0688515928	0.004067464	0.002305113	0.0033999314	0.0	0.0	0.07329915	0.007816096	0.0	0.0	0.0	0.0	0.0	0.0	0.0	0.0	0.0	0.0	0.0	0.0	0.0	0.0	0.0	0.0	0.0	0.0	0.0	0.0	0.0	0.0	0.0	0.0	0.0	0.0	0.0	0.0	0.005005902	0.006500351	0.0036192434	0.00515687	0.0	0.0	0.0	0.0	0.0	0.0	0.0	0.0	0.0	0.0	0.0	0.0	0.0	0.0	0.0	0.0	0.007883469099999998	0.0	0.0	0.0	0.0	0.0	0.0	0.0	0.0	0.0	0.0	0.0	0.0024121744	0.0007275879	0.0
Myxococcota_A	0.0	0.0	0.0	0.0	0.0	0.0	0.0	0.010221485	0.0	0.0048211934	0.0	0.007202357	0.0	0.0	0.0	0.0050399126	0.0054520685	0.027222905	0.014951721	0.025870178	0.0027854536	0.004345836	0.0	0.0	0.0	0.0	0.0	0.04789375	0.0	0.0019493321	0.001116848	0.0	0.0	0.0	0.0	0.0	0.0	0.0	0.0	0.0	0.0	0.0	0.0	0.0	0.0	0.0	0.006543195	0.04842018	0.048779357	0.050948653	0.047725353	0.034387164	0.0	0.0	0.0	0.0	0.0	0.0	0.0	0.0	0.0	0.0	0.0	0.0	0.0	0.0	0.0	0.0	0.0	0.0	0.0	0.0	0.0032906074	0.0	0.0	0.0019864736	0.0	0.0	0.0	0.0	0.0	0.0	0.0	0.0	0.005403234	0.0	0.0
Nanoarchaeota	0.0	0.0	0.0	0.0	0.0	0.0	0.0	0.0	0.0	0.0	0.0	0.0	0.0	0.0	0.0	0.0	0.0	0.0	0.0	0.0	0.0	0.0	0.0	0.0	0.0	0.0	0.0	0.0	0.0	0.00593213	0.0042084698	0.0050712815	0.0	0.0	0.0	0.0	0.0	0.0	0.0	0.0	0.0	0.0	0.0	0.0	0.0	0.0	0.0	0.0	0.0	0.0	0.0	0.0	0.0	0.0	0.0	0.0	0.0	0.0	0.0	0.0	0.0	0.0	0.0	0.0	0.0	0.0	0.0	0.0	0.0	0.0	0.0	0.0	0.0	0.0	0.0	0.0	0.0	0.0	0.0	0.0	0.0	0.0	0.4277214	0.0	0.0	0.0	0.0
Nitrospirota	0.0	0.0	0.0	0.0	0.0	0.0	0.0	0.0	0.0	0.0	0.0	0.0	0.0	0.0	0.0036678815	0.0030512768	0.0031858278	0.0092501911	0.0119865334	0.0458486594	0.010138381	0.008659426	0.0	0.0	0.0	0.0	0.0	0.015707382	0.007658638	0.008913371	0.007689193	0.0	0.0	0.0	0.0	0.0	0.0	0.0	0.0	0.0	0.0	0.006850406	0.0	0.0	0.0	0.0	0.045153864	0.022286067	0.015517034	0.0203884204	0.016721794	0.0213414466	0.015780677700000002	0.009409361	0.0	0.0	0.0	0.0	0.0	0.0	0.0	0.0	0.0	0.0	0.0	0.0047932384	0.0	0.0	0.0	0.0	0.0	0.0	0.004048438	0.0	0.0	0.090936426	0.0039582024	0.0119906275	0.057820607	0.0	0.0	0.0	0.0	0.0	0.004949487	0.0	0.0
Omnitrophota	0.0	0.0	0.0	0.0	0.0	0.0	0.0	0.0	0.0	0.0	0.0	0.0	0.0	0.0	0.0	0.0	0.0	0.0	0.0019204803	0.0	0.0034619386	0.213499157	0.0	0.0	0.0	0.0	0.0	0.0	0.0	0.0073542425	0.0077517634	0.005271153	0.0	0.0	0.0	0.0	0.0	0.0	0.0	0.0	0.0	0.0	0.0	0.0	0.0	0.0	0.0	0.0	0.0	0.0	0.0	0.0	0.0	0.0	0.0	0.0	0.0	0.0	0.0	0.0	0.019757451000000002	0.0	0.037808312	0.10647307	0.0290895246	0.0	0.0	0.0	0.0	0.0	0.0	0.0	0.0	0.0	0.0	0.0	0.0	0.0	0.0	0.054954922	0.018768828	0.0	0.0	0.050783532000000006	0.0	0.0	0.0
PUNC01	0.0	0.0	0.0	0.0	0.0	0.0	0.0	0.0	0.0	0.0	0.0	0.0	0.0	0.0	0.0	0.0	0.0	0.0	0.0021117774	0.0	0.0	0.0	0.0	0.0	0.0	0.0	0.0	0.01184865	0.0048375954	0.009936178	0.0071392097	0.0021733441	0.002180701	0.0024256129	0.0	0.0	0.003751179	0.0	0.0046468405	0.0027154132	0.0	0.0	0.0	0.0	0.0	0.0	0.0	0.0	0.006139387	0.004324075	0.010904203	0.01052146	0.0	0.0	0.0	0.0	0.0	0.0	0.0	0.0	0.0	0.0	0.0	0.0	0.0	0.054638132	0.0	0.0	0.0015960976	0.0	0.0	0.0011947397	0.0	0.0	0.0	0.002700886	0.0	0.0068136365	0.0	0.0	0.0	0.0	0.0	0.0	0.0	0.0	0.0
Patescibacteria	0.0	0.0	0.0	0.0	0.0	0.0	0.0	0.012182514	0.0	0.0	0.0	0.0	0.0	0.0	0.0	0.0	0.0	0.0	0.004353211	0.0042730323	0.0204395058	0.0192500837	0.0	0.0	0.0	0.0	0.0	0.010021281	0.11276181299999999	0.075946247	0.0239146615	0.017838355	0.0432140807	0.0068591475	0.0	0.0	0.0	0.0	0.021974428	0.011300626	0.0	0.0	0.0	0.0	0.0	0.0	0.0	0.0	0.0	0.0	0.0	0.0040346007	0.0	0.0	0.0	0.0065722424	0.0	0.0487213	0.0	0.012863067	0.0697188933	0.0	0.15304605589999998	0.018828863	0.0467619683	0.0096247895	0.0	0.0	0.0	0.0	0.0	0.0	0.0	0.0	0.0	0.002906306	0.0	0.025423694	0.0	0.043521479	0.0355763433	0.0	0.0	0.0851722783	0.0037786935	0.0	0.0
Planctomycetota	0.0	1.254075473	0.0	1.1754249906	1.329270499	0.036374412	0.38308002900000004	0.4727759683	0.07463829920000001	0.1177857471	0.090215397	0.1145006465	0.0676113135	0.0642247355	0.052496392999999995	0.0647030999	0.0653481245	0.2246725715	0.2776652305	0.1499478692	0.5254530117	0.4520967346	0.0239469244	0.0628660436	0.036672538500000004	0.018905833	0.0268363465	0.2031614901	0.39609636800000003	0.5540634787000001	0.5106495841	0.3946343319	0.2548316466	0.1519240345	0.0491379146	0.2448969076	0.212253404	0.847698242	0.5625891443	0.5868794475	0.0	0.0217314849	0.0	0.0	0.12914327239999998	0.0	0.0153722838	0.052064174000000005	0.175583352	0.1383169773	0.281319107	0.2878645717	0.035640003499999996	0.0404733883	0.1601523719	0.1266837344	0.576193048	0.7660194924	1.145798419	0.8416338454	1.0916840473	0.9646554288	1.0924772092	1.147377747	0.7455145352	0.40288030280000003	1.2618392816000001	0.34936611700000003	0.5163430412	0.4580324353	0.6360979475	1.5852621975999999	0.0031630621	0.0477013609	0.16883537	0.0453817616	0.0698234047	0.052523397299999997	0.0540678759	0.8666888809	1.3596480072	1.6653536802	3.559607349	1.6042142513	0.1149251607	0.047655543099999996	0.061706193000000006
Poribacteria	0.0	0.0	0.0	0.0	0.0	0.0	0.0	0.013028793	0.0051961993	0.0	0.0	0.0	0.0	0.0	0.0	0.0	0.0018953715	0.0	0.0016803036	0.0031722358	0.0023960457	0.0	0.0	0.0	0.0	0.0	0.0	0.0036508942	0.025417672	0.0059828516	0.003951169	0.0014948761	0.0	0.0	0.0	0.0	0.0	0.0	0.0	0.0	0.0	0.0	0.0	0.0	0.0	0.0	0.0	0.010505552	0.044029336	0.0317331	0.054969117	0.05460455	0.004446297	0.004208509	0.0	0.0	0.0	0.0	0.0	0.0	0.0	0.0	0.0	0.0	0.0	0.008722488	0.0	0.0	0.0	0.0	0.0	0.0	0.0	0.004160463	0.0	0.0076904264	0.0027427443	0.007159746	0.00815836	0.001655367	0.0	0.0	0.0	0.0	0.0	0.0	0.0
Proteobacteria	0.0	0.0	0.0	0.0	0.0	0.0	0.0	0.2015409439	0.080127871	0.0342204933	0.02694419	0.0284672101	3.4255839624	3.5797825177	0.7747309199	1.4641801388	1.3356542312	0.6321099083	0.5597789371	0.7731877332	0.20205489589999998	0.5317577545000001	0.799256774	0.2415837464	0.015156931500000002	0.0029949376	0.0133747317	1.1910744052	0.2174435201	0.9327898602	0.6533012469	0.5680760802	0.6158221896	0.8330276674999999	0.0088328873	0.1130497833	0.0553970934	0.2077102375	0.5221276267	0.326575164	0.0	0.44427384529999997	0.0	8.688783794	0.031362173699999996	41.57353988	3.134162378	1.0844251825	1.1127400694	1.0850762121000002	0.5023184435	0.3738920789	3.1441368901	2.2069604427	0.062906457	0.1965667214	0.0	0.4265103411	9.06766595	0.004020622	0.391560747	5.176943072	0.4120519133	0.3995708504	0.36047690099999996	1.6134948329	0.0059856057	0.8924414338	0.1095800737	0.2388482993	0.1118258334	0.2650698662	3.2198504690000003	0.9623339832	0.7344555255	0.9020755261	1.4549895744999999	1.3516830388	0.7385228348999999	0.198408608	0.0	0.0	0.0	0.3577937375	0.1345464395	0.0852866429	0.0
RBG-13-66-14	0.0	0.0	0.0	0.047660228	0.0	0.0	0.0	0.214351185	0.0	0.0565594853	0.0	0.036769485	0.0	0.0	0.0	0.0	0.0	0.0	0.003686178	0.0036944796	0.0204365669	0.0107253855	0.0	0.0	0.0	0.0	0.0	0.0489178296	0.184870196	0.0299481119	0.013084373900000001	0.0	0.0	0.0	0.0	0.0	0.0	0.0	0.0192034999	0.0	0.0	0.0	0.0	0.0	0.0	0.0	0.0	0.0	0.0175746104	0.0	0.08206274399999999	0.066334801	0.0019093448	0.0	0.0	0.0	0.0	0.08376023	0.0	1.921257191	0.016123883300000003	0.017304815	0.0137813127	0.10588543	0.0115573243	0.488763499	0.0	0.0	0.0	0.0	0.0	0.0	0.0	0.0	0.0	0.0029631145	0.0	0.013228607	0.0048028515	0.0043469905999999996	0.021755124	0.0173136737	0.0	0.0200551079	0.0532393511	0.0	0.0
SM23-31	0.0	0.021132022	0.0	0.0	0.0	0.0	0.0	0.0	0.0	0.0	0.0	0.0	0.0	0.0	0.0	0.0	0.0	0.0	0.0	0.0	0.0026255231	0.0021127267	0.0	0.0	0.0	0.0	0.0	0.0	0.0	0.0090406795	0.008085976	0.0067893979999999994	0.0054246	0.0	0.0	0.0	0.0	0.014917586	0.0129013626	0.0098072549	0.0	0.0	0.0	0.0	0.0	0.0	0.0	0.0	0.0	0.0	0.0	0.0	0.0	0.0	0.0	0.0	0.0	0.0	0.026773661999999997	0.022936878	0.018260191	0.039254464	0.024352776	0.050313299	0.013958674	0.0	0.0	0.0	0.0	0.0	0.0	0.0	0.0	0.0	0.0	0.0	0.0	0.0	0.0	0.078124574	0.029517677	0.076273373	0.065364966	0.038062469	0.0	0.0	0.0
SZUA-182	0.0	0.0	0.0	0.0	0.0	0.0	0.0	0.0	0.0	0.0	0.0	0.0	0.0	0.0	0.0	0.0	0.0	0.0	0.0	0.0	0.0	0.0	0.0	0.0	0.0	0.0	0.0	0.0	0.003369274	0.0	0.0	0.0	0.0034123356	0.0	0.0	0.0	0.0	0.0	0.012832746	0.0	0.0	0.0	0.0	0.0	0.0	0.0	0.0	0.0	0.0	0.0	0.0	0.0	0.0	0.0	0.0	0.0	0.0	0.027098062	0.0	0.0	0.0	0.0	0.0	0.006993711	0.0	0.0	0.0	0.0	0.07675486	0.06724965	0.002960673	0.0	0.0	0.0	0.0	0.0	0.0	0.0	0.0	0.0	0.0	0.0	0.0	0.0	0.0	0.0	0.0
Spirochaetota	0.093804514	0.0	0.0	0.18206657269999998	0.126112241	0.084084694	0.004937401	0.165863535	0.009217256	0.051993785400000006	0.018614728	0.046987831300000005	0.0381073838	0.0380247382	0.1114229613	0.036349962900000005	0.0306227726	0.052093050599999996	0.08073166470000001	0.026352272	0.1150780792	0.2019549083	0.07703972369999999	0.1691210979	0.129387881	0.170100745	0.111407481	0.034414188	0.0362809893	0.009797314500000001	0.017942969	0.0123177327	0.0236146508	0.011730764	0.0524096352	0.0339832615	0.0491519136	0.084628742	0.0413663833	0.0264429129	0.0	0.0	0.0	0.0	0.0	0.0	0.0	0.0	0.0	0.0	0.0	0.0019432069	0.003230389	0.0029751568	0.0065832944	0.007033519	0.0	0.292428974	0.0351681883	0.1044514446	0.0771210014	0.008026949	0.0758593703	0.0151560342	0.063207465	0.0029752955	0.0	0.0	0.0	0.0	0.001934378	0.0023067957	0.0	0.0075433858	0.0	0.0	0.0026970867	0.0033259965	0.0	0.095024373	0.0368143463	0.212841306	0.0253720776	0.090322871	0.0235014109	0.0747599197	0.0
Sumerlaeota	0.0	0.0	0.0	0.0	0.029983288	0.0	0.0	0.03846136	0.0	0.0061524934	0.0	0.0055013215	0.0	0.0	0.0	0.0	0.0	0.0	0.0017335997	0.0	0.0080401255	0.0032830047	0.0	0.0	0.0	0.0	0.0	0.023108484	0.01011701	0.012699444	0.0145965265	0.0067287507	0.0024210317	0.0	0.0	0.0	0.0	0.0	0.0036263557	0.0	0.0	0.0	0.0	0.0	0.0	0.0	0.0	0.0	0.0	0.0	0.0	0.0027290292	0.0	0.0	0.0	0.0	0.0	0.0	0.0	0.0023210624	0.010565865	0.0	0.007372415	0.0	0.008360622	0.13712114	0.0	0.0	0.0	0.0011716024	0.0	0.0	0.0	0.0	0.0	0.0	0.0	0.0	0.0	0.005263327	0.0	0.0	0.0	0.0053283037	0.0030809094	0.0	0.0
Synergistota	0.0	0.0	0.0	0.0	0.0	0.0	0.0	0.0	0.0	0.0	0.0	0.0	0.0	0.0	0.0	0.0	0.0	0.0	0.0	0.0	0.0	0.0	0.0	0.0	0.0	0.0	0.0	0.0	0.0	0.0	0.0	0.0	0.0	0.0	0.0	0.0	0.0	0.0	0.0	0.0	0.0	0.0	0.0	0.0	0.0	0.0	0.0	0.0	0.0	0.0	0.0	0.0	0.0	0.0	0.0	0.0	0.0	0.0	0.0	0.0	0.0	0.08228753	0.0	0.0043837004	0.0	0.0	0.0	0.0	0.0	0.0	0.0	0.0	0.0	0.0	0.0	0.0	0.0	0.0	0.0	0.0	0.0	0.0	0.0	0.0	0.0	0.0	0.0
TA06	0.0	0.0	0.0	0.0	0.0	0.0	0.0	0.0	0.0	0.0	0.0	0.0	0.0	0.0	0.0	0.0	0.0	0.0	0.0	0.0	0.0	0.0	0.0	0.0	0.0	0.0	0.0	0.0	0.0	0.0	0.0	0.0	0.0	0.0	0.0	0.0	0.0	0.0	0.0	0.003006122	0.0	0.0	0.0	0.0	0.0	0.0	0.0	0.0	0.0	0.0	0.0	0.0	0.0	0.0	0.0	0.0	0.0	0.0	0.0	0.03542477	0.0	0.003200037	0.0	0.115674846	0.0	0.0	0.0	0.0	0.0	0.0	0.0	0.0	0.0	0.0	0.0	0.0	0.0	0.0	0.0	0.0	0.054844398	0.37750363	2.486787	0.0	0.0	0.0	0.0
TA06_A	0.0	0.0	0.0	0.0	0.0	0.0	0.0	0.03753793	0.0	0.005855244	0.0	0.0048165345	0.0	0.0	0.0	0.0	0.0	0.0	0.0	0.0	0.019495815	0.004988411	0.0	0.0	0.0	0.0	0.0	0.0	0.0	0.0	0.0	0.0	0.0	0.0	0.0	0.0	0.0	0.0	0.0	0.0	0.0	0.0	0.0	0.0	0.0	0.0	0.0	0.0	0.0	0.0	0.0	0.0	0.0	0.0	0.0	0.0	0.0	0.0	0.0	0.0	0.042422432	0.0	0.021778071	0.0	0.033864688	0.0	0.0	0.0	0.0	0.0	0.0	0.0	0.0	0.0	0.0	0.0	0.0	0.0	0.0	0.011059823	0.008030508	0.0	0.0	0.01614862	0.0	0.0	0.0
Thermoplasmatota	0.0	0.0	0.0	0.0074988576	0.0	0.0	0.0	1.1816601023	0.573208063	0.2962061163	0.11922363200000001	0.2094171373	0.1260033033	0.0916855775	0.12933566089999998	0.1575911653	0.1613774062	0.3373606765	0.4403802164	0.32582297309999997	0.84189284	0.5434968106	0.059840889	0.162446184	0.091409611	0.10139499	0.1200712864	0.2253282344	0.5201848576	0.6160714169	0.514097133	0.3667263924	0.1436916081	0.1897311486	0.056791823600000006	0.234196099	0.23542776699999998	0.273991861	0.2426017307	0.26345851540000004	0.0	0.0	0.0	0.0	0.0	0.0	0.0	0.044422083	0.0688250703	0.038674051	0.183568728	0.2179731443	0.124550357	0.0984898448	0.0653684915	0.180801878	0.29367056	0.038969545300000005	0.110616596	0.032757474999999994	0.1519579107	0.012943812	0.1397025236	0.0405980908999999	0.2581971934	0.0531870266	0.015453884	0.0	0.09787366720000001	0.323629747	0.0345848257	0.0796697259	0.002864935	0.11750925729999999	0.078279436	0.1309577128	0.09946125539999999	0.2765892892	0.1264995286	0.043054788	0.023694685	0.192458794	0.3267568443	0.072657106	0.0667459768	0.019958406070000004	0.0
Thermoproteota	0.0	0.07453560149999999	0.200388244	0.2479957732	0.283098636	0.0	0.0	1.574546474	0.1205766227	0.3225602037	0.011195645	0.2720262687	0.0009146779	0.0	0.0021359876	0.0320135915	0.0383377636	0.0943526127	0.3045513351	0.1859137099	1.6262791033	0.9504611757000001	0.0	0.0011221626	0.0	0.0	0.0	0.5883129996	2.4867894322	1.0933288696	0.7018486664	0.4659673577	0.3665733168	0.15520594029999998	0.032082102700000004	0.0997118212	0.0599992015	0.493776754	0.3710237855	0.1855860137	0.07303619	0.493340326	0.04953954	0.0	0.0076356367	0.0	0.0123630474	0.011255341	0.2772506531	0.0308739866	0.31725025	0.29954309580000005	0.0645681072	0.0686900241	0.0771039492	0.1383478768	0.0	0.4225204722	0.380818908	0.691971186	1.362510335	0.2335527694	1.2569575312	1.1524590272	1.2862446434	0.1423605651	0.07579853140000001	0.311398892	0.3222566728	1.0259519237	0.3959912526	0.2735637025	0.011432252	0.056071754200000004	0.027935267	0.1500676969	0.038348771100000005	0.2735632036	0.137366448	3.763579742	2.8950083373999997	3.1608885747	0.647675576	1.7594144952	0.2132548688	0.0	0.0
UBA6262	1.9294958	1.5461032799999999	0.0	0.0	1.3063836	0.0	0.010013363	0.008298946	0.0	0.0	0.0	0.0	0.0	0.0	0.042065594	0.011487082	0.011562666	0.0037839084	0.0060823665	0.0	0.00480163	0.04124105	0.044513628	0.017365778	0.17673519	0.0027756172	0.019443987	0.0	0.0	0.0	0.0	0.0	0.0	0.0	0.0	0.0	0.0	0.0	0.0	0.0	0.0	0.0	0.0	0.0	0.0	0.0	0.0	0.0	0.0	0.0	0.0	0.0	0.0	0.0	0.006057498	0.0058721076	0.0	0.021272039	0.0	0.8539741299999999	0.163708552	0.49812744999999997	0.260043455	0.7310021900000001	0.12525914999999999	0.0	0.0	0.0	0.0	0.0	0.0	0.0	0.03329286	0.030111136	0.022338066	0.012551278	0.021213956	0.0071565825	0.015058671	0.81662484	1.31393129	0.93732854	0.060439951	0.56473538	0.0012447117	0.0	0.0
UBP18	0.0	0.031657334	0.0	0.146668182	0.0	0.0	0.0	0.0	0.0	0.0	0.0	0.0	0.0	0.0	0.0	0.0	0.0	0.0	0.0	0.0	0.0	0.0	0.0	0.0	0.0	0.0	0.0	0.0	0.0	0.0	0.0	0.0	0.0	0.0	0.0	0.0	0.0	0.0	0.0	0.0	0.0	0.0	0.0	0.0	0.0	0.0	0.0	0.0	0.0	0.0	0.0	0.0	0.0	0.0	0.0	0.0	0.0	0.0	0.0	0.030981122700000002	0.0059319607	0.0294586673	0.0059589026	0.169149104	0.009579465700000001	0.0	0.0	0.0	0.0	0.0	0.0	0.0	0.0	0.0	0.0	0.0	0.0	0.0	0.0	0.07107530100000001	0.36799667	0.0173430777	0.1447608	0.0071674993	0.0	0.0	0.0
Unclassified	77.78918	69.13012	95.66425	72.856224	73.844185	85.805504	78.78105	86.88926	83.13202	86.05641	85.63269	86.27405	90.28836	89.31219	78.768456	82.81054	80.807144	88.40722	84.15843	88.5223	83.14064	87.8615	79.83674	78.01367	75.16594	78.470184	75.349464	87.28756	71.23875	76.36496	76.71017	79.42384	84.8938	83.82422	88.72973	83.96697	86.7338	81.87123	80.39774	83.61447	82.180115	97.87039	70.15332	73.27621	75.100784	55.873734	93.692635	90.61599	84.02994	89.27654	77.67247	77.05278	83.37644	81.00833	67.082726	71.43222	68.0364	74.5852	57.81318	57.974327	80.49713	37.154778	80.04402	61.84132	79.41248	69.63022	77.243385	97.71816838	73.22396	71.680115	70.865005	74.58222	85.42025	74.15763	73.83912	77.76112	72.24693	70.383095	74.36762	77.38069	68.80438	41.39457	60.16337	77.82928	81.40778	85.144295	98.18062
VGIX01	0.0	0.0	0.0	0.0	0.0	0.0	0.0	0.351603572	0.773403153	0.8095436686	0.8694552358000001	0.8413443862	0.071395498	0.0672226817	0.2588374999	0.1975817795	0.19739664350000002	0.060918626000000003	0.1186514882	0.08899081810000001	0.11508010669999999	0.0433225992	0.1336111297	0.2242594782	0.1539257266	0.759804687	0.0991140826	0.0291121858	0.065412301	0.0282592126	0.0619405967	0.0324631617	0.0486522839	0.0461491687	0.0227583502	0.09781217	0.17641970099999998	0.022583332	0.0423310261	0.1252859698	0.0	0.0153706996	0.0	0.0	0.0	0.0	0.0048994026	0.028713662	0.0800320611	0.034094065	0.218723165	0.1891509247	0.1833394511	0.2744025132	0.8075786585	0.6917764051	0.0	0.0	0.0	0.0	0.0028150636	0.0	0.0	0.0	0.0023263781	0.294660602	0.06851807859999999	0.0	0.0	0.0011715238	0.0032959743	0.0011030766	0.0702449789	0.3356277367	0.400289938	0.4077724361	0.3005293195	0.25894008350000003	0.490117998	0.0	0.0	0.0	0.0	0.0	0.0964583556	0.029545798300000002	0.0
Verrucomicrobiota	0.0	0.0	0.0	0.0	0.0	0.0	0.0	0.0	0.0	0.0	0.0	0.0	1.119542487	0.877241973	0.1606827673	0.1473821336	0.1102841211	0.0401172992	0.029625354	0.016634568199999998	0.0	0.0	0.08013300470000001	0.0878304325	0.0	0.0	0.0	0.0	0.0	0.0	0.0	0.0	0.0	0.0	0.0	0.0	0.0	0.0	0.0	0.0	0.0	0.0	0.0	0.0	0.0	0.0	0.022517149	0.031473755	0.0	0.0103545091	0.0	0.0	0.007915946	0.0059793866	0.0	0.0	0.0	0.16082828	4.6752551	0.0	0.0	26.556894359999998	0.0	1.48085724	0.0	0.0	0.0	0.0	0.0	0.0	0.0	0.0	0.2203679162	0.01890377	0.0	0.0025144254	0.0	0.0	0.003858885	0.0	0.0	0.0	0.0	0.0	0.0	0.0	0.0
WOR-3	0.710631335	0.0768787207	0.0	1.069731709	0.374786122	0.0	0.220199792	0.126081949	0.119066955	0.066662638	0.0240378032	0.0452179619	0.0	0.0	0.004683819	0.0	0.001887557	0.0	0.0569121316	0.0282654959	0.200880956	0.0622722699	0.0034953873	0.1154972474	0.009552683	0.016274493	0.023235156	0.21794710080000002	0.9450822019999999	0.8781507895	0.7412809921	0.4966874818	0.365576996	0.2366689645	0.223607951	0.2044625	0.1123608766	0.112370937	0.15035861	0.11177911900000001	0.5811596	0.0	0.23019004	0.0	0.034389917	0.0	0.0	0.0	0.061282310000000007	0.0	0.079686443	0.0992928125	0.0371878475	0.049487438499999994	0.13476627959999998	0.1749114859	0.0	0.020886417	0.0089294828	3.319162169	0.0833167978	0.019340674000000002	0.0497956083	0.0945350391	0.083931149	0.521119815	2.9007553736999996	0.0	0.12322451999999999	0.141538968	0.5229108179999999	0.059501664	0.0	0.0463262671	0.027798012	0.0695074888	0.0399303015	0.250869518	0.0362016966	0.3856258585	0.056600417	0.136185789	0.0289456524	0.039276612	0.1855234466	0.0	0.0
Zixibacteria	0.0	0.0	0.0	0.0	0.0	0.0	0.0	0.0395253874	0.07933838879999999	0.2161387404	0.1100026964	0.1385294432	0.038526576	0.039516382	0.0329289918	0.0141005775	0.0104580394	0.009613616	0.0054125712	0.008177544	0.0081688215	0.0	0.0026071018	0.0118638715	0.0194884172	0.0	0.0039283615	0.0276665768	0.1573884189	0.10251670630000001	0.1314207149	0.1919247074	0.0877557483	0.1316865194	0.1459796002	0.02746904	0.082754099	0.0	0.017964959	0.0208702393	0.0	0.0	0.0	0.0	0.0	0.0	0.008689049	0.056985710999999994	0.0794626509	0.061293231999999996	0.092586388	0.1069526578	0.016442908399999998	0.021689491	0.04573289	0.2387251453	0.0	0.0	0.0	0.0	0.1286779444	0.0	0.1186106995	0.0	0.167752348	0.0629379659	0.693577154	0.0	0.0198864553	0.024145776	0.0	0.006074126	0.0	0.0390257173	0.029832696000000002	0.0195608884	0.0393629337	0.0378367236	0.006374966	0.0575335982	0.3708666146	0.20162929870000001	0.0	0.14742014	0.0717352371	0.038616097	0.0
